Review_ID,Review
1,ห้างสรรพสินค้าที่จะช่วยเติมเต็มความสุขในทริปท่องเที่ยวพัทยาของคุณ​สินค้าหลากหลาย​อาทิ​เสื้อผ้า​เครื่องประดับ​คาเฟ่​ร้านอาหารสนุกเกอร์​เกมส์โซน​อุปกรณ์อิเล็กทรอนิก​และซุปเปอร์มาร์เก็ต​มีให้บริการ
2,ของกินเยอะมากที่สำคัญอาหารที่ฟู๊ดคืออร่อยและราคาถูกมากตกแต่งห้างตามเทศกาลสวยงาม เหมาะสำหรับมากินและมาถ่ายรูป
3,ห้างใหม่กว้างขวางจอดรถสะดวกอาหารอร่อยfood court pier21 ราคาถูกมีคุณภาพหาได้ยากในห้างสมัยนี้เปิดถึงห้าทุ่มมีโรงหนังมาพักโรงแรม grand centre point ไม่ต้องออกไปไหนเลย ครบจบในที่เดียว
4,สถานที่กว้างขวางการจอดรถสะดวกสบายบรรยากาศภายในตกแต่งในแต่ละชั้นแยกเป็นประเทศเมืองต่างประเทศได้ลงตัวจัดร้านค้าแบ่งเป็นโซนได้เหมาะสมโดยเฉพาะห้องน้ำถือได้ว่าดีมาก
5,ห้างที่เปิดใหม่นี้มีร้านอาหารให้เลือกมากมายหลายร้านมีร้านอาหารจากกรุงเทพมาเปิด Food Court ที่นี่อาหารถูกมากเหมาะสำหรับคนทำงาน concept เดียวกับที่กรุงเทพและที่ดีที่สุดคือที่นี่จอดรถสะดวกสบายมากช่องจอดก็กว้างคราวหน้าต้องไปอีก
6,เป็นห้างล่าสุดในพัทยาที่จอดรถเยอะมากร้านอาหารนานาชาติมีให้เลือกเยอะมากไม่ว่าจะอาหารแบรนด์ทั่วไปหรืออาหารแบรนด์ใหม่ให้ลองเยอะถือเป็นตัวเลือกที่ดีอีกที่สำหรับคนภาคตะวันออก
7,เป็นห้างเปิดใหม่ร้านค้าชอปปิ้งเยอะมากมีร้านอาหารมากมายให้เลือกสรรมีแบ่งเป็นโซนญี่ปุ่นปารีสซานฟรานแต่ละชั้นก็จะมีจุดถ่ายรูปต่างกัน
8,เป็นห้างสรรพสินค้าขนาดใหญ่ตกแต่งสวยงามน่าเดินมากคนค่อนข้างเยอะถ้ามาถึงหลังห้างเปิดมากๆอาจจะหาที่จอดรถยากมาก
9,ชอบที่มีมุมถ่ายรูปเยอะสวยโดยฉพาะตอนกลางคืนมีเครื่องบินลำจริงไว้ถ่ายรูปด้วย
10,ร้านอาหารดีเลยแหละชอบที่มีเหมือนกรุงเทพ
11,เทอร์มินอล 21 ที่พัทยาจะสร้างความแปลกใหม่ให้กับชาวพัทยากว้างขวางมากจำลองสิ่งต่างๆจากหลายประเทศมารวมกันทำให้เราสนุกสนานกับการถ่ายรูปมากทำให้ไม่เบื่อกับการเดินห้างมีแหล่งชอปปิ้งและที่ท่านอาหารสะดวกสบายทุกอย่างค่ะ
12,ห้างใหญ่มีพร้อมสิ่งให้สรรหาชอบที่เอกลักษณ์การตกแต่งแต่ละชั้นให้แตกต่างกันมีมุมให้ถ่ายรูปมากมายรวมถึงอาหารอร่อยให้เลือกทานได้ไม่เบื่อโดยเฉพาะ Food court ที่มีอาหารหลากหลาย อร่อยราคาถูกมากการันตีเลยว่าไม่ผิดหวัง
13,เป็นห้างที่กว้างขวาง​จำลองบรรยากาศหลายประเทศ​มีจุดถ่ายรูป​สังเกตุว่าชาวต่างชาติชอบมากที่ผมสนใจจริงคือร้านอาหาร​มีให้เลือกมากมาย​โดยเฉพาะศูนย์อาหาร​ pier21​ อาหารขายถูกอร่อยมีคุณภาพ​
14,มีครบทั้งสถานที่ shopping และที่กินอาหาร ตัวห้างใหญ่โตที่จอดรถมีพอประมาณสินค้า brand name และร้านอาหารครบตามมาตรฐานห้างใหญ่มีที่ถ่ายรูปเยอะห้องน้ำและสิ่งอำนวยความสะดวกอยู่ในเกณฑ์ดีมากเหมาะกับทุกคนในครอบครัว
15,ได้มีโอกาสไปเที่ยวที่พัทยาแล้วได้ลองเดินห้างนี้ดูคือแบบว่าดีมากทั้งการตกแต่งมีมุมมากมายให้ถ่ายรูปด้วยอาหารก็ดีราคาไม่แพง
16,ถือเป็นห้างที่แปลกดีมุมถ่ายรูปเยอะมากแต่ล่ะชั้นทำเป็นธีมหลายทวีปแตกต่างกันตกแต่งตามแต่ล่ะทวีปรวมถึงห้องน้ำด้วยเจ๊งมากครับ
17,ร้านค้าให้เลือกมากมายแนวคิดที่ยอดเยี่ยมห้องน้ำที่ยอดเยี่ยมจุดหมายปลายทางที่แตกต่างกันทำให้ทั้งโอกาสในการถ่ายรูปและทำเลที่ตั้งของร้านค้าประเภทต่างที่ปลายทางปารีสคุณจะพบกับแฟชั่นและเครื่องสำอางโรงหนังฮอลลีวูดและห้องเล่นเกมศูนย์อาหาร Pier 21ที่ปลายทางซานฟรานซิสโกขอแนะนำอาหารที่ยอดเยี่ยมในราคาอาหารข้างทางสนุกได้เลย!
18,มันเป็นห้างสรรพสินค้าขนาดใหญ่ที่ทันสมัยแห่งใหม่พร้อม CINEMA ที่ชั้นบนสุดเปิดให้บริการเดือนตุลาคม 2018 และมีร้านค้าทุกแห่งที่คุณสามารถขอได้ร้านอาหารและศูนย์อาหารขนาดใหญ่หลายแห่งให้บริการตัวเลือกคุณภาพมากมายในราคาที่น่าอัศจรรย์ห้องน้ำทันสมัยมากไฮเทคและทันสมัยเดอะมอลล์สะดวกต่อการเข้าถึงโดยแท็กซี่แท็กซี่มอเตอร์ไซค์หรือการขนส่งสาธารณะสถานที่ที่ยอดเยี่ยมและยอดเยี่ยมที่จะเย็นลงในขณะที่มันร้อนช่วงบ่าย
19,ท่องเที่ยวห้างสรรพสินค้าที่มีธีมพร้อมร้านอาหารและแหล่งช้อปปิ้งมากมายในบรรยากาศที่สนุกสนานคุ้มค่าที่จะดู
20,เราพบแบรนด์ที่แตกต่างกันมากทำเลดีมากแต่ละชั้นในชื่อต่างประเทศและห้องน้ำที่สะอาดและทันสมัยมาก
21,รูปแบบห้างสรรพสินค้าใหม่ที่ดีในเมืองร้านอาหารและร้านค้ามากมายนอกจากนี้ยังมีร้านขายของชำหรูหราที่มีสินค้าตะวันตกที่หาได้ยากในเมืองอื่น
22,ห้างสรรพสินค้าขนาดใหญ่ที่มีร้านค้ามากมายหลังจากที่คุณซื้อของหวานสามารถพบได้ที่นี่เช่นกัน คุ้มค่าที่จะใช้เวลาหนึ่งชั่วโมงเพื่อผ่านเวลาและเพลิดเพลินกับเครื่องปรับอากาศ อย่าลืมถ่ายรูปด้วยเครื่องบินขนาดใหญ่สองลำที่ตั้งอยู่ด้านนอกห้าง
